order_id,order_date,customer_id,region,category,product,quantity,unit_price,status
1000,2025-06-13,C070,South,数码,无线耳机,4,149.46,paid
1001,2025-01-23,C078,north,食品,咖啡,1,74.34,paid
1002,2025-01-07,C001,East,食品,坚果,4,280.54,paid
1003,2025-07-14,C044,East,家居,抱枕,6,181.17,paid
1004,2025-01-27,C006,North,数码,机械键盘,6,511.55,paid
1005,2025-07-06,C080,North,美妆,精华,7,65.7,paid
1006,2025-08-15,C038,south ,服饰,牛仔裤,2,46.58,paid
1007,2025-01-21,C021,East,家居,收纳盒,5,282.98,paid
1008,2025-04-05,C032,South,服饰,T恤,2,373.3,paid
1009,2025-02-11,C008,South,美妆,口红,4,417.08,paid
1010,2025-02-28,C073,East,数码,机械键盘,5,,paid
1011,2025-08-13,C019,west,服饰,T恤,7,,paid
1012,2025-03-09,C029,South,家居,收纳盒,7,,paid
1013,2025-02-05,C021,North,食品,咖啡,1,,paid
1014,2025-07-22,C068,North,美妆,精华,7,,paid
1015,2025-03-06,C038,North,食品,坚果,5,465.79,paid
1016,2025-04-22,C065,north,家居,台灯,5,583.7,paid
1017,2025-08-22,C070,South,数码,移动电源,4,108.65,paid
1018,2025-07-19,C040,east,食品,坚果,8,31.3,paid
1019,2025-03-03,C069,North,数码,无线耳机,2,444.51,paid
1020,2025-07-16,C055,west,家居,收纳盒,0,173.73,paid
1021,2025-02-24,C048,south ,食品,巧克力,0,251.42,paid
1022,2025-04-23,C076,North,食品,咖啡,0,150.32,paid
1023,2025-05-22,C030,south ,家居,抱枕,0,61.18,paid
1024,2025-01-18,C070,North,数码,机械键盘,0,181.52,paid
1025,2025-02-03,C025,west,食品,巧克力,0,475.08,paid
1026,2025-01-25,C007,East,数码,移动电源,6,265.68,paid
1027,2025-06-22,C025,East,数码,无线耳机,6,484.34,paid
1028,2025-02-18,C010,NORTH,食品,咖啡,7,126.42,paid
1029,2025-04-24,C031,north,食品,坚果,1,582.02,paid
1030,2025-02-12,C022, east ,美妆,口红,4,521.5,paid
1031,2025-04-08,C072, east ,数码,机械键盘,8,185.44,paid
1032,2025-06-19,C070, east ,美妆,面膜,5,146.27,refunded
1033,2025-01-16,C021, east ,服饰,T恤,8,311.65,paid
1034,2025-01-15,C031,NORTH,食品,坚果,2,365.12,paid
1035,2025-04-14,C075,south ,数码,移动电源,1,379.24,paid
1036,2025-05-25,C034,South,食品,咖啡,4,408.44,paid
1037,2025-04-12,C010,South,家居,抱枕,8,203.38,paid
1038,2025-01-03,C017,North,美妆,精华,2,331.83,paid
1039,2025-08-27,C070,south ,服饰,T恤,6,185.29,paid
1040,2025-06-30,C018,north,服饰,牛仔裤,5,560.42,paid
1041,2025-03-09,C044,NORTH,数码,无线耳机,5,183.42,paid
1042,2025-02-22,C012,west,服饰,牛仔裤,5,545.1,paid
1043,2025-06-12,C034,north,美妆,口红,1,213.46,paid
1044,2025-02-11,C020,East,美妆,精华,1,84.89,paid
1045,2025-05-20,C006,NORTH,数码,机械键盘,7,93.92,paid
1046,2025-08-19,C053,south ,服饰,T恤,2,225.13,paid
1047,2025-06-08,C043,NORTH,家居,收纳盒,3,531.22,refunded
1048,2025-07-20,C049,south ,美妆,精华,5,112.33,paid
1049,2025-08-12,C040,south ,数码,机械键盘,4,493.62,paid
1050,2025/13/40,C009,north,家居,收纳盒,4,251.11,paid
1051,2025-07-17,C034,East,服饰,卫衣,6,564.76,paid
1052,2025-02-15,C041,north,食品,咖啡,2,366.01,paid
1053,2025-04-22,C006,North,食品,巧克力,7,541.71,paid
1054,2025-07-01,C043,south ,美妆,面膜,6,270.15,paid
1055,2025-06-09,C042,North,服饰,牛仔裤,5,314.13,paid
1056,2025-04-14,C023,NORTH,服饰,牛仔裤,4,263.86,paid
1057,2025-06-07,C075,East,食品,咖啡,1,196.25,paid
1058,2025-06-05,C022,west,服饰,卫衣,8,411.86,paid
1059,2025-06-18,C040,east,数码,机械键盘,2,494.69,paid
1060,2025-02-27,C010,north,家居,收纳盒,1,162.01,paid
1061,2025-04-27,C001,south ,美妆,精华,7,306.74,paid
1062,2025-08-17,C060,south ,数码,机械键盘,3,486.38,paid
1063,2025-01-13,C068,North,食品,坚果,8,97.34,paid
1064,2025-05-24,C021,west,食品,咖啡,7,501.73,paid
1065,2025-07-10,C067,South,美妆,口红,4,507.12,paid
1066,2025-05-05,C043,west,家居,台灯,2,433.86,paid
1067,2025-03-23,C028,NORTH,食品,坚果,3,154.13,paid
1068,2025-01-17,C054,east,美妆,口红,8,261.15,paid
1069,2025-04-10,C039,north,食品,巧克力,7,296.65,paid
1070,2025-07-12,C004,south ,美妆,口红,8,147.26,paid
1071,2025-04-10,C080,East,服饰,牛仔裤,3,507.49,paid
1072,2025-05-17,C060,north,数码,机械键盘,2,392.79,paid
1073,2025-02-16,C049,East,数码,机械键盘,6,142.76,paid
1074,2025-03-13,C045,North,美妆,口红,8,31.24,paid
1075,2025-02-27,C003,north,数码,移动电源,1,570.77,paid
1076,2025-06-09,C028,NORTH,家居,收纳盒,8,408.29,paid
1077,2025-04-30,C040,NORTH,服饰,卫衣,2,471.12,paid
1078,2025-01-28,C010,South,食品,坚果,7,250.06,paid
1079,2025-06-01,C006,South,家居,收纳盒,2,481.81,paid
1080,2025-03-30,C054,east,食品,咖啡,2,313.46,paid
1081,2025-07-30,C020,East,美妆,面膜,6,388.64,paid
1082,2025-04-22,C076,South,家居,抱枕,8,289.63,paid
1083,2025-03-10,C060,North,服饰,T恤,5,531.35,paid
1084,2025-05-26,C024,East,食品,巧克力,6,36.65,paid
1085,2025-05-05,C036,South,家居,台灯,6,182.2,paid
1086,2025-05-23,C072,south ,数码,移动电源,2,159.99,paid
1087,2025-07-14,C038,west,家居,抱枕,8,279.94,refunded
1088,2025-02-26,C071,south ,美妆,精华,5,405.1,paid
1089,2025-05-16,C033,east,服饰,卫衣,6,427.66,paid
1090,2025-03-01,C024,south ,数码,移动电源,6,89.34,paid
1091,2025-02-19,C068,west,家居,抱枕,5,440.26,paid
1092,2025-06-02,C002,south ,服饰,T恤,5,151.94,paid
1093,2025-07-01,C017,South,食品,坚果,1,585.09,paid
1094,2025-06-13,C024,north,美妆,面膜,5,292.25,paid
1095,2025-01-14,C007,North,服饰,卫衣,2,252.41,refunded
1096,2025-02-08,C054,South,家居,抱枕,2,596.47,paid
1097,2025-06-05,C076,south ,食品,巧克力,7,281.3,paid
1098,2025-04-20,C028,north,服饰,牛仔裤,2,569.6,paid
1099,2025-03-09,C053,south ,数码,无线耳机,3,340.16,paid
1100,2025-04-26,C059,South,食品,咖啡,1,154.26,paid
1101,2025-01-19,C020,south ,家居,台灯,7,86.57,paid
1102,2025-08-21,C073,North,服饰,T恤,1,116.24,paid
1103,2025-08-24,C035,North,服饰,卫衣,8,419.43,paid
1104,2025-05-09,C042,west,食品,咖啡,2,366.86,paid
1105,2025-06-04,C074,North,服饰,T恤,4,577.91,paid
1106,2025-05-31,C067,South,数码,移动电源,1,462.6,paid
1107,2025-06-16,C012,NORTH,美妆,口红,7,388.18,paid
1108,2025-05-01,C043,east,服饰,卫衣,6,408.68,paid
1109,2025-04-16,C042,East,美妆,口红,1,283.8,paid
1110,2025-01-30,C047,north,美妆,精华,8,259.68,paid
1111,2025-06-09,C037,west,美妆,精华,1,138.06,paid
1112,2025-04-23,C002,north,美妆,面膜,4,431.67,paid
1113,2025-05-22,C020,south ,美妆,面膜,2,287.64,paid
1114,2025-05-08,C032,South,服饰,牛仔裤,7,504.14,paid
1115,2025-04-27,C018,East,食品,坚果,4,554.68,paid
1116,2025-08-10,C001,East,数码,机械键盘,6,561.86,paid
1117,2025-03-14,C043,west,服饰,牛仔裤,3,279.0,paid
1118,2025-05-22,C031,west,食品,咖啡,6,524.37,paid
1119,2025-05-27,C049,East,美妆,面膜,1,204.54,paid
1120,2025-04-09,C013,north,家居,台灯,3,311.33,paid
1121,2025-08-12,C020,west,美妆,面膜,1,439.02,paid
1122,2025-01-20,C069,east,美妆,口红,7,396.91,paid
1123,2025-04-08,C037,west,服饰,牛仔裤,1,378.13,paid
1124,2025-02-28,C004,North,数码,机械键盘,2,277.33,paid
1125,2025-01-12,C068,South,服饰,T恤,6,237.41,paid
1126,2025-04-16,C049,NORTH,食品,巧克力,3,121.54,paid
1127,2025-06-08,C033,NORTH,家居,台灯,4,287.47,paid
1128,2025-06-20,C076,South,数码,机械键盘,3,62.84,paid
1129,2025-03-18,C050,South,美妆,精华,8,510.28,paid
1130,2025-08-07,C038,south ,美妆,面膜,7,351.72,paid
1131,2025-01-06,C037,north,美妆,口红,1,548.16,paid
1132,2025-07-18,C018,east,家居,抱枕,4,389.24,paid
1133,2025-06-10,C047,north,数码,移动电源,5,477.39,refunded
1134,2025-07-07,C017,South,家居,收纳盒,6,453.54,paid
1135,2025-07-21,C062,South,食品,咖啡,3,169.04,paid
1136,2025-07-26,C029,east,服饰,牛仔裤,2,291.63,refunded
1137,2025-08-09,C069,east,美妆,精华,2,478.6,refunded
1138,2025-02-01,C014,South,美妆,口红,7,497.0,paid
1139,2025-06-22,C009,north,家居,台灯,6,550.85,paid
1140,2025-06-12,C005,South,美妆,精华,7,87.67,refunded
1141,2025-03-19,C059,North,美妆,面膜,4,534.61,paid
1142,2025-04-05,C079,NORTH,食品,咖啡,7,399.85,paid
1143,2025-04-15,C047,east,服饰,T恤,4,277.16,paid
1144,2025-01-26,C016,east,服饰,牛仔裤,1,250.92,paid
1145,2025-08-06,C017,south ,美妆,面膜,1,49.34,paid
1146,2025-07-21,C030,North,食品,坚果,4,360.1,paid
1147,2025-03-26,C017,north,家居,抱枕,5,517.88,paid
1148,2025-05-19,C031,North,服饰,T恤,1,96.45,paid
1149,2025-05-31,C068,NORTH,服饰,T恤,5,50.39,paid
1150,2025-01-30,C065,west,数码,机械键盘,6,317.68,paid
1151,2025-02-26,C062,South,食品,坚果,8,393.14,refunded
1152,2025-08-05,C011,North,美妆,口红,8,433.19,paid
1153,2025-03-24,C071,North,食品,坚果,3,179.51,paid
1154,2025-07-02,C015,South,服饰,卫衣,8,313.22,paid
1155,2025-08-07,C044,south ,食品,巧克力,7,281.9,paid
1156,2025-07-31,C033,East,美妆,口红,2,201.28,paid
1157,2025-04-06,C056,west,家居,抱枕,2,72.91,refunded
1158,2025-01-25,C055,north,服饰,T恤,6,408.61,paid
1159,2025-08-11,C020,South,数码,机械键盘,6,80.09,paid
1160,2025-06-18,C036,North,美妆,面膜,6,510.32,paid
1161,2025-05-27,C040,north,家居,台灯,5,36.79,paid
1162,2025-08-24,C052,north,服饰,卫衣,3,524.52,paid
1163,2025-01-18,C054,north,家居,抱枕,2,452.74,paid
1164,2025-04-27,C073,east,服饰,T恤,5,438.53,paid
1165,2025-06-02,C011,NORTH,数码,无线耳机,3,457.57,refunded
1166,2025-03-11,C028,East,美妆,精华,8,372.1,paid
1167,2025-07-13,C076,east,食品,坚果,7,84.32,paid
1168,2025-05-05,C008,South,食品,巧克力,1,147.9,paid
1169,2025-01-02,C016,south ,家居,台灯,3,463.21,paid
1170,2025-01-02,C030,East,美妆,精华,3,94.93,paid
1171,2025-05-09,C056,east,食品,巧克力,2,250.3,paid
1172,2025-01-05,C054,east,美妆,面膜,7,352.57,paid
1173,2025-03-16,C059,north,数码,机械键盘,6,119.69,paid
1174,2025-08-01,C068,East,服饰,T恤,2,161.12,paid
1175,2025-01-21,C066,east,美妆,口红,4,213.18,paid
1176,2025-06-12,C019,south ,数码,移动电源,6,223.64,paid
1177,2025-03-02,C010,South,数码,无线耳机,4,120.63,paid
1178,2025-02-15,C020,west,美妆,口红,6,521.26,paid
1179,2025-04-23,C046,west,数码,机械键盘,5,481.87,paid
1180,2025-05-10,C037,west,数码,机械键盘,8,41.81,paid
1181,2025-01-20,C006,East,数码,移动电源,8,356.59,paid
1182,2025-04-26,C008,south ,食品,巧克力,6,370.9,paid
1183,2025-04-26,C057,North,数码,机械键盘,3,42.7,paid
1184,2025-05-15,C053,NORTH,食品,巧克力,6,236.25,paid
1185,2025-07-18,C050,north,服饰,牛仔裤,6,58.23,refunded
1186,2025-03-14,C045,NORTH,服饰,牛仔裤,6,67.27,paid
1187,2025-03-21,C043,North,美妆,面膜,5,344.17,paid
1188,2025-07-28,C040,North,家居,抱枕,7,314.92,refunded
1189,2025-02-16,C010,west,家居,台灯,4,151.39,paid
1190,2025-03-17,C077,north,数码,移动电源,6,528.31,paid
1191,2025-04-07,C047,NORTH,家居,收纳盒,3,438.29,refunded
1192,2025-06-23,C061,South,家居,台灯,8,155.72,paid
1193,2025-08-20,C065,west,家居,台灯,8,466.27,paid
1194,2025-05-16,C062,south ,美妆,面膜,3,526.34,refunded
1195,2025-08-12,C035,North,服饰,牛仔裤,2,185.34,paid
1196,2025-04-26,C058,East,食品,坚果,2,568.92,paid
1197,2025-08-15,C050,East,服饰,T恤,1,249.94,paid
1198,2025-01-21,C043,north,服饰,T恤,6,559.88,paid
1199,2025-07-22,C018,north,家居,收纳盒,5,552.09,paid
1200,2025-07-14,C020,north,美妆,口红,2,31.02,paid
1201,2025-05-21,C016,East,食品,巧克力,2,470.18,paid
1202,2025-01-13,C077,west,家居,台灯,2,84.3,paid
1203,2025-05-18,C046,south ,数码,移动电源,3,188.94,refunded
1204,2025-03-03,C068,NORTH,食品,咖啡,2,323.62,paid
1205,2025-05-20,C050,north,食品,巧克力,7,526.53,refunded
1206,2025-04-06,C014,north,服饰,牛仔裤,6,477.34,paid
1207,2025-07-17,C023,east,食品,巧克力,3,45.71,paid
1208,2025-08-01,C059,west,美妆,精华,3,490.67,refunded
1209,2025-01-10,C040,north,服饰,T恤,4,533.76,paid
1210,2025-05-12,C037,west,美妆,精华,5,41.24,paid
1211,2025-04-02,C052,east,数码,移动电源,5,92.2,paid
1212,2025-07-10,C067,east,美妆,口红,3,307.8,paid
1213,2025-03-10,C024,East,数码,移动电源,2,269.75,paid
1214,2025-05-20,C058,North,服饰,卫衣,2,210.19,paid
1215,2025-06-04,C046,west,美妆,面膜,6,279.34,paid
1216,2025-06-07,C066,north,美妆,口红,2,409.29,paid
1217,2025-07-25,C047,NORTH,家居,收纳盒,8,40.18,refunded
1218,2025-04-03,C048,north,美妆,精华,3,413.86,paid
1219,2025-04-24,C032,NORTH,数码,移动电源,6,250.86,paid
1220,2025-01-30,C016,NORTH,数码,移动电源,8,320.29,paid
1221,2025-03-09,C063,west,服饰,牛仔裤,4,597.89,paid
1222,2025-02-21,C012,North,数码,无线耳机,8,120.14,paid
1223,2025-07-27,C039,east,服饰,牛仔裤,2,339.0,paid
1224,2025-08-06,C026,NORTH,家居,抱枕,6,315.08,paid
1225,2025-07-22,C060,west,家居,收纳盒,1,229.32,paid
1226,2025-07-25,C062,North,食品,坚果,2,199.39,paid
1227,2025-05-15,C058,North,美妆,口红,3,583.98,paid
1228,2025-04-30,C065,NORTH,食品,咖啡,3,465.31,paid
1229,2025-08-22,C029,NORTH,数码,无线耳机,5,115.5,paid
1230,2025-03-30,C036,North,食品,咖啡,5,133.86,paid
1231,2025-02-02,C022,North,服饰,牛仔裤,3,363.25,paid
1232,2025-06-18,C006,east,食品,巧克力,1,498.64,refunded
1233,2025-06-14,C070,south ,食品,咖啡,7,378.5,refunded
1234,2025-03-16,C008,south ,服饰,卫衣,7,192.51,refunded
1235,2025-02-10,C041,west,美妆,口红,8,138.33,paid
1236,2025-08-09,C072,east,服饰,牛仔裤,7,95.84,paid
1237,2025-01-28,C013,west,服饰,T恤,2,175.13,paid
1238,2025-01-13,C042,East,服饰,卫衣,4,578.36,paid
1239,2025-08-28,C066,east,食品,巧克力,4,462.61,paid
1240,2025-04-30,C059,west,美妆,口红,1,72.23,paid
1241,2025-03-03,C061,east,家居,抱枕,1,49.31,paid
1242,2025-03-15,C047,North,食品,坚果,7,97.68,paid
1243,2025-07-15,C047,north,美妆,口红,7,49.67,paid
1244,2025-05-22,C080,East,服饰,T恤,8,463.35,paid
1245,2025-06-24,C044,NORTH,食品,坚果,2,248.46,paid
1246,2025-05-23,C018,south ,服饰,T恤,7,310.05,refunded
1247,2025-07-02,C042,west,服饰,卫衣,3,371.63,paid
1248,2025-08-27,C039,NORTH,食品,咖啡,7,594.56,paid
1249,2025-06-01,C043,west,服饰,牛仔裤,5,295.44,refunded
1250,2025-06-22,C075,South,数码,机械键盘,1,366.21,paid
1251,2025-05-28,C080,north,家居,抱枕,8,118.9,paid
1252,2025-07-18,C025,south ,美妆,面膜,1,352.09,paid
1253,2025-01-05,C065,East,美妆,口红,3,259.52,paid
1254,2025-07-18,C062,north,食品,咖啡,3,320.84,paid
1255,2025-05-15,C046,NORTH,美妆,口红,8,549.03,paid
1256,2025-06-23,C039,west,服饰,牛仔裤,4,575.26,paid
1257,2025-02-27,C036,south ,服饰,卫衣,8,203.88,paid
1258,2025-03-15,C019,East,数码,移动电源,7,494.66,paid
1259,2025-03-16,C062,North,数码,机械键盘,6,555.93,paid
1260,2025-02-24,C076,South,家居,抱枕,5,99.62,paid
1261,2025-03-03,C061,south ,家居,收纳盒,4,50.44,paid
1262,2025-01-26,C061,NORTH,家居,收纳盒,7,398.68,paid
1263,2025-05-03,C012,east,家居,台灯,5,394.62,paid
1264,2025-06-16,C005,north,食品,坚果,3,262.37,paid
1265,2025-08-03,C073,NORTH,美妆,口红,5,528.51,refunded
1266,2025-06-04,C064,South,数码,机械键盘,8,593.68,paid
1267,2025-08-16,C021,west,家居,抱枕,5,131.83,paid
1268,2025-07-07,C038,South,美妆,精华,3,28.17,paid
1269,2025-05-26,C013,East,家居,收纳盒,7,318.86,refunded
1270,2025-02-17,C058,east,家居,台灯,4,23.96,paid
1271,2025-07-12,C031,South,服饰,卫衣,1,171.7,paid
1272,2025-01-16,C040,South,数码,机械键盘,3,255.14,paid
1273,2025-06-26,C018,South,数码,移动电源,6,376.48,paid
1274,2025-05-03,C069,east,家居,台灯,7,427.13,paid
1275,2025-07-25,C073,North,家居,收纳盒,8,326.34,paid
1276,2025-01-29,C057,south ,数码,移动电源,3,115.43,paid
1277,2025-01-30,C008,west,家居,抱枕,2,541.36,paid
1278,2025-04-27,C040,East,家居,抱枕,8,347.07,paid
1279,2025-07-05,C006,South,数码,机械键盘,1,452.57,paid
1280,2025-04-19,C061,North,服饰,牛仔裤,1,562.06,refunded
1281,2025-01-09,C054,NORTH,服饰,卫衣,3,464.18,paid
1282,2025-04-06,C070,East,美妆,口红,7,66.54,paid
1283,2025-02-04,C029,NORTH,服饰,T恤,7,326.73,paid
1284,2025-08-02,C069,South,数码,无线耳机,8,410.63,paid
1285,2025-04-08,C015,west,家居,收纳盒,6,109.97,paid
1286,2025-01-09,C005,north,美妆,精华,4,139.53,paid
1287,2025-04-25,C030,north,食品,巧克力,4,449.51,paid
1288,2025-05-19,C074,NORTH,家居,收纳盒,5,155.81,paid
1289,2025-03-23,C067,east,食品,巧克力,4,195.02,paid
1290,2025-02-26,C023,South,美妆,口红,1,342.9,paid
1291,2025-06-10,C049,west,美妆,精华,1,583.93,paid
1292,2025-07-21,C069,East,食品,咖啡,7,106.55,paid
1293,2025-05-02,C072,South,家居,收纳盒,3,487.35,paid
1294,2025-04-16,C011,NORTH,美妆,精华,7,160.86,paid
1295,2025-08-25,C078,North,美妆,口红,4,49.89,paid
1296,2025-06-04,C043,south ,数码,无线耳机,4,298.05,paid
1297,2025-03-19,C032,south ,数码,无线耳机,2,453.19,paid
1298,2025-06-28,C037,south ,食品,巧克力,7,550.77,paid
1299,2025-04-08,C064,east,美妆,精华,5,171.71,paid
1300,2025-04-30,C053,west,数码,移动电源,6,550.31,paid
1301,2025-01-12,C075,NORTH,食品,坚果,1,171.25,paid
1302,2025-07-04,C032,NORTH,美妆,口红,4,211.32,paid
1303,2025-05-08,C063,east,食品,巧克力,5,462.75,paid
1304,2025-04-28,C024,east,家居,抱枕,3,101.18,paid
1305,2025-08-23,C007,north,食品,巧克力,1,506.66,refunded
1306,2025-07-15,C028,NORTH,数码,机械键盘,4,59.42,paid
1307,2025-05-10,C069,north,美妆,口红,8,402.38,refunded
1308,2025-05-22,C065,north,美妆,面膜,5,330.73,paid
1309,2025-07-28,C080,North,美妆,面膜,2,324.14,paid
1310,2025-05-15,C059,South,服饰,卫衣,7,65.83,paid
1311,2025-05-25,C005,south ,家居,抱枕,5,416.74,paid
1312,2025-01-24,C022,East,美妆,口红,8,52.55,refunded
1313,2025-01-22,C030,east,美妆,口红,2,538.98,paid
1314,2025-02-24,C036,South,食品,咖啡,1,556.01,paid
1315,2025-08-19,C027,north,食品,巧克力,3,558.68,paid
1316,2025-05-31,C073,East,家居,抱枕,2,193.58,paid
1317,2025-08-02,C011,east,美妆,精华,7,458.25,paid
1318,2025-05-09,C078,North,服饰,T恤,7,154.64,refunded
1319,2025-07-16,C058,East,食品,巧克力,6,37.18,paid
1320,2025-05-06,C049,East,家居,台灯,7,127.73,paid
1321,2025-01-22,C020,south ,食品,咖啡,2,67.58,paid
1322,2025-07-09,C057,east,美妆,口红,2,73.08,paid
1323,2025-04-03,C072,NORTH,服饰,T恤,2,128.69,paid
1324,2025-05-12,C077,north,美妆,面膜,2,225.27,refunded
1325,2025-07-20,C072,north,服饰,卫衣,5,260.01,paid
1326,2025-08-20,C035,NORTH,家居,抱枕,7,118.31,paid
1327,2025-05-07,C010,NORTH,家居,收纳盒,7,180.06,paid
1328,2025-04-03,C001,west,服饰,T恤,4,285.56,paid
1329,2025-04-12,C077,East,服饰,牛仔裤,6,275.33,paid
1330,2025-02-04,C041,south ,服饰,卫衣,8,202.23,paid
1331,2025-03-16,C051,south ,美妆,精华,6,238.11,paid
1332,2025-04-04,C060,south ,数码,移动电源,3,415.39,paid
1333,2025-07-01,C053,South,家居,台灯,2,495.0,paid
1334,2025-06-22,C055,South,美妆,面膜,4,166.56,paid
1335,2025-07-22,C054,west,美妆,面膜,8,357.7,paid
1336,2025-05-20,C046,North,数码,机械键盘,2,465.99,paid
1337,2025-02-12,C002,East,食品,坚果,6,580.12,paid
1338,2025-01-26,C076,south ,服饰,T恤,8,236.99,paid
1339,2025-06-26,C011,east,食品,坚果,1,300.01,paid
1340,2025-01-30,C062,South,家居,台灯,6,284.09,paid
1341,2025-03-31,C015,west,美妆,面膜,8,204.97,paid
1342,2025-01-06,C067,North,服饰,牛仔裤,3,559.36,paid
1343,2025-02-14,C052,east,食品,坚果,7,575.91,paid
1344,2025-06-11,C026,East,家居,收纳盒,7,36.93,paid
1345,2025-04-26,C009,East,食品,咖啡,1,428.75,paid
1346,2025-05-28,C034,NORTH,数码,移动电源,6,209.07,paid
1347,2025-06-21,C045,east,美妆,精华,7,374.56,paid
1348,2025-04-01,C018,NORTH,美妆,精华,5,552.84,paid
1349,2025-03-22,C066,South,数码,无线耳机,2,126.17,paid
1350,2025-04-10,C069,NORTH,美妆,精华,7,265.36,paid
1351,2025-06-27,C058,NORTH,家居,抱枕,8,187.52,paid
1352,2025-06-08,C072,north,数码,机械键盘,8,99.19,paid
1353,2025-05-10,C022,west,美妆,口红,7,431.88,paid
1354,2025-01-22,C037,south ,食品,坚果,5,38.96,paid
1355,2025-02-13,C070,west,美妆,精华,2,352.17,paid
1356,2025-07-30,C014,north,服饰,牛仔裤,8,336.88,paid
1357,2025-07-08,C012,north,家居,台灯,8,172.43,paid
1358,2025-04-23,C055,south ,数码,无线耳机,6,519.41,paid
1359,2025-02-12,C069,south ,食品,坚果,4,487.16,paid
1360,2025-03-13,C074,NORTH,食品,巧克力,6,587.82,paid
1361,2025-03-10,C008,North,食品,巧克力,3,578.41,paid
1362,2025-03-12,C032,NORTH,家居,抱枕,4,104.82,paid
1363,2025-07-14,C010,NORTH,美妆,口红,5,384.13,paid
1364,2025-06-12,C075,South,数码,机械键盘,6,283.72,paid
1365,2025-01-01,C051,west,数码,移动电源,6,513.06,paid
1366,2025-02-25,C071,west,美妆,面膜,5,207.26,paid
1367,2025-05-28,C006,west,家居,抱枕,6,538.61,paid
1368,2025-01-26,C055,North,美妆,面膜,3,275.95,refunded
1369,2025-02-21,C012,South,家居,抱枕,3,527.17,paid
1370,2025-06-17,C007,North,服饰,卫衣,6,405.42,paid
1371,2025-04-12,C001,south ,服饰,牛仔裤,7,400.18,paid
1372,2025-02-24,C002,NORTH,美妆,面膜,4,321.28,paid
1373,2025-06-28,C012,East,服饰,T恤,3,297.07,paid
1374,2025-07-07,C018,east,数码,无线耳机,6,530.97,paid
1375,2025-06-14,C020,north,家居,收纳盒,3,275.26,paid
1376,2025-08-24,C016,west,美妆,精华,4,70.28,paid
1377,2025-05-31,C011,East,美妆,口红,6,478.82,paid
1378,2025-03-05,C039,South,食品,巧克力,1,511.78,paid
1379,2025-02-22,C031,south ,食品,巧克力,7,191.41,refunded
1380,2025-05-07,C002,south ,美妆,面膜,8,390.09,refunded
1381,2025-04-03,C061,East,服饰,T恤,7,231.94,paid
1382,2025-07-17,C008,North,数码,无线耳机,1,172.07,refunded
1383,2025-07-22,C069,South,美妆,精华,7,265.67,paid
1384,2025-05-18,C027,South,食品,坚果,2,199.75,paid
1385,2025-07-26,C009,east,家居,抱枕,7,360.13,paid
1386,2025-03-21,C015,south ,美妆,精华,1,161.8,paid
1387,2025-04-27,C023,north,食品,巧克力,5,406.33,paid
1388,2025-01-31,C067,NORTH,数码,移动电源,1,115.02,paid
1389,2025-05-13,C016,east,服饰,T恤,3,454.87,paid
1390,2025-07-17,C074,East,数码,机械键盘,5,323.84,paid
1391,2025-06-10,C022,west,数码,机械键盘,6,52.15,paid
1392,2025-04-05,C006,North,家居,台灯,2,152.47,paid
1393,2025-08-08,C023,north,数码,无线耳机,8,231.11,paid
1394,2025-08-27,C041,East,数码,移动电源,4,206.65,paid
1395,2025-03-11,C023,east,数码,移动电源,2,311.18,paid
1396,2025-02-27,C040,East,食品,坚果,2,528.65,paid
1397,2025-03-25,C039,west,数码,移动电源,1,233.97,paid
1398,2025-07-09,C026,west,食品,坚果,6,363.18,paid
1399,2025-07-07,C070,NORTH,食品,坚果,1,560.79,refunded
1400,2025-03-30,C014,north,数码,机械键盘,7,512.42,paid
1401,2025-02-22,C019,East,食品,坚果,8,577.49,paid
1402,2025-07-02,C048,north,服饰,T恤,4,540.43,paid
1403,2025-04-28,C076,North,数码,移动电源,3,389.59,paid
1404,2025-05-26,C051,NORTH,数码,机械键盘,4,189.17,paid
1405,2025-06-29,C018,west,服饰,卫衣,5,155.49,paid
1406,2025-07-19,C053,NORTH,食品,坚果,2,115.34,paid
1407,2025-01-31,C016,south ,食品,咖啡,8,198.82,paid
1408,2025-01-24,C019,South,家居,抱枕,1,144.71,paid
1409,2025-01-24,C023,East,家居,台灯,1,412.77,paid
1410,2025-01-08,C018,south ,美妆,口红,2,287.99,paid
1411,2025-02-01,C011,south ,数码,无线耳机,3,134.92,paid
1412,2025-05-30,C057,North,食品,咖啡,1,598.35,paid
1413,2025-07-27,C022,east,家居,收纳盒,2,44.76,paid
1414,2025-08-25,C023,East,食品,咖啡,8,37.1,paid
1415,2025-04-01,C079,South,家居,收纳盒,5,278.69,paid
1416,2025-06-08,C008,South,食品,坚果,8,258.96,paid
1417,2025-01-23,C068,NORTH,服饰,卫衣,7,135.69,paid
1418,2025-03-05,C045,East,食品,坚果,6,298.22,paid
1419,2025-08-22,C077,east,食品,巧克力,7,176.85,refunded
1420,2025-02-26,C030,north,数码,机械键盘,8,327.07,paid
1421,2025-02-10,C008,south ,数码,无线耳机,5,329.54,paid
1422,2025-07-15,C023,East,家居,抱枕,6,562.42,paid
1423,2025-02-15,C046,east,家居,抱枕,6,550.11,refunded
1424,2025-05-26,C005,south ,食品,坚果,8,334.43,paid
1425,2025-01-24,C079,south ,数码,无线耳机,1,325.34,refunded
1426,2025-02-21,C019,NORTH,家居,台灯,6,54.54,paid
1427,2025-07-18,C051,east,数码,移动电源,2,236.68,paid
1428,2025-05-31,C056,South,数码,机械键盘,6,99.14,paid
1429,2025-07-22,C079,east,美妆,精华,3,430.17,paid
1430,2025-07-21,C017,NORTH,服饰,T恤,7,197.96,paid
1431,2025-02-15,C079,East,数码,移动电源,1,125.61,paid
1432,2025-02-26,C045,west,食品,坚果,3,212.08,refunded
1433,2025-03-23,C032,North,家居,抱枕,6,279.05,paid
1434,2025-06-27,C057,South,数码,机械键盘,2,437.84,refunded
1435,2025-07-07,C049,East,美妆,面膜,8,531.43,paid
1436,2025-01-26,C005,south ,美妆,精华,3,281.75,paid
1437,2025-03-17,C049,South,数码,机械键盘,2,63.04,paid
1438,2025-02-11,C062,North,数码,移动电源,6,364.54,paid
1439,2025-06-30,C027,NORTH,数码,机械键盘,7,111.12,paid
1440,2025-02-18,C051,South,美妆,精华,5,192.49,refunded
1441,2025-05-27,C038,NORTH,食品,咖啡,1,229.28,paid
1442,2025-07-30,C038,south ,食品,咖啡,2,34.93,paid
1443,2025-01-21,C034,South,美妆,面膜,7,293.15,paid
1444,2025-01-24,C058,NORTH,食品,咖啡,6,533.59,paid
1445,2025-01-12,C008,west,服饰,卫衣,5,151.22,paid
1446,2025-02-08,C071,east,数码,无线耳机,7,583.01,paid
1447,2025-01-16,C039,East,美妆,精华,8,352.17,paid
1448,2025-01-21,C023,north,美妆,精华,3,89.76,paid
1449,2025-02-12,C056,NORTH,家居,收纳盒,1,265.56,paid
1450,2025-02-21,C009,South,家居,抱枕,6,548.27,paid
1451,2025-01-23,C002,East,美妆,精华,6,516.84,paid
1452,2025-07-21,C076,East,食品,巧克力,2,260.38,paid
1453,2025-05-30,C053,North,数码,无线耳机,5,523.14,paid
1454,2025-03-09,C019,west,美妆,精华,8,41.73,paid
1455,2025-06-08,C031,East,食品,巧克力,1,249.56,paid
1456,2025-01-13,C040,east,美妆,口红,1,215.96,paid
1457,2025-03-13,C057,North,美妆,精华,4,97.94,paid
1458,2025-07-18,C053,East,服饰,卫衣,2,129.0,paid
1459,2025-07-09,C040,east,美妆,精华,1,318.86,paid
1460,2025-07-01,C026,NORTH,食品,咖啡,1,120.77,paid
1461,2025-08-03,C026,north,数码,无线耳机,8,49.32,paid
1462,2025-03-12,C063,East,服饰,卫衣,2,415.08,paid
1463,2025-06-02,C034,west,美妆,面膜,6,219.66,paid
1464,2025-07-11,C028,north,数码,机械键盘,7,48.8,paid
1465,2025-08-08,C003,south ,家居,抱枕,4,176.07,paid
1466,2025-08-10,C033,NORTH,数码,机械键盘,3,368.66,refunded
1467,2025-06-05,C059,South,服饰,牛仔裤,7,539.38,paid
1468,2025-03-06,C048,South,家居,台灯,7,359.0,refunded
1469,2025-05-24,C044,South,食品,巧克力,5,416.96,paid
1470,2025-03-12,C031,South,服饰,卫衣,5,129.25,paid
1471,2025-08-19,C064,East,数码,移动电源,6,414.84,paid
1472,2025-03-17,C074,East,服饰,卫衣,7,447.3,paid
1473,2025-07-28,C065,south ,家居,台灯,8,545.79,paid
1474,2025-03-18,C034,NORTH,家居,抱枕,5,76.61,paid
1475,2025-07-05,C040,east,食品,坚果,2,148.91,paid
1476,2025-04-18,C007,South,服饰,卫衣,5,288.98,paid
1477,2025-08-10,C049,North,食品,巧克力,8,535.87,paid
1478,2025-05-16,C053,north,服饰,卫衣,3,99.67,paid
1479,2025-05-26,C023,east,美妆,面膜,3,471.79,paid
1480,2025-03-22,C074,west,数码,无线耳机,5,141.44,paid
1481,2025-07-15,C052,North,家居,台灯,3,376.4,paid
1482,2025-04-20,C002,north,美妆,口红,1,329.59,paid
1483,2025-08-17,C032,south ,服饰,牛仔裤,1,412.51,paid
1484,2025-02-27,C022,NORTH,服饰,卫衣,2,242.46,paid
1485,2025-01-17,C044,South,数码,机械键盘,8,442.14,paid
1486,2025-04-22,C052,west,家居,台灯,6,455.07,paid
1487,2025-01-05,C022,NORTH,家居,收纳盒,4,445.76,paid
1488,2025-02-01,C069,north,服饰,牛仔裤,7,528.4,paid
1489,2025-06-09,C015,north,数码,移动电源,2,399.07,refunded
1490,2025-04-17,C002,North,美妆,口红,5,295.15,paid
1491,2025-03-19,C054,North,美妆,精华,5,381.22,paid
1492,2025-08-01,C026,North,数码,移动电源,5,86.13,paid
1493,2025-06-05,C006,south ,家居,台灯,6,427.99,paid
1494,2025-05-21,C012,west,美妆,面膜,6,156.01,refunded
1495,2025-08-21,C010,west,数码,移动电源,3,570.68,paid
1496,2025-07-05,C060,south ,数码,机械键盘,8,593.43,paid
1497,2025-01-13,C055,north,数码,无线耳机,5,228.92,paid
1498,2025-07-09,C022,north,数码,无线耳机,1,514.16,paid
1499,2025-03-26,C015,South,服饰,卫衣,2,236.12,paid
1500,2025-04-13,C054,South,美妆,口红,7,420.14,paid
1501,2025-06-16,C014,NORTH,家居,收纳盒,1,589.31,paid
1502,2025-04-17,C079,west,食品,咖啡,3,374.57,paid
1503,2025-01-08,C009,west,家居,台灯,2,534.8,paid
1504,2025-03-08,C080,south ,服饰,T恤,6,321.08,paid
1505,2025-01-25,C050,south ,美妆,精华,8,220.53,paid
1506,2025-02-08,C061,north,食品,巧克力,1,393.17,paid
1507,2025-08-07,C036,North,美妆,面膜,8,205.97,paid
1508,2025-01-13,C057,East,食品,坚果,7,493.92,refunded
1509,2025-07-25,C064,North,食品,咖啡,8,279.3,paid
1510,2025-07-10,C012,East,数码,无线耳机,7,40.78,paid
1511,2025-07-22,C044,South,食品,巧克力,4,399.67,paid
1512,2025-04-04,C061,west,数码,无线耳机,6,344.89,paid
1513,2025-07-03,C001,west,服饰,牛仔裤,2,76.51,paid
1514,2025-03-29,C022,South,服饰,牛仔裤,6,427.22,refunded
1515,2025-05-07,C016,East,家居,抱枕,2,167.49,paid
1516,2025-08-27,C054,west,美妆,面膜,4,435.74,paid
1517,2025-01-12,C018,west,食品,坚果,8,401.9,paid
1518,2025-05-08,C066,north,数码,移动电源,7,506.51,paid
1519,2025-07-19,C078,NORTH,家居,抱枕,3,80.06,paid
1520,2025-08-14,C032,East,服饰,牛仔裤,7,588.11,paid
1521,2025-03-12,C078,South,美妆,口红,8,486.78,paid
1522,2025-06-29,C038,east,食品,咖啡,4,136.52,paid
1523,2025-06-25,C042,NORTH,服饰,牛仔裤,3,312.26,paid
1524,2025-07-01,C069,west,数码,机械键盘,7,411.06,paid
1525,2025-03-15,C008,North,美妆,面膜,1,240.9,refunded
1526,2025-02-21,C038,South,服饰,T恤,5,104.93,refunded
1527,2025-02-22,C072,east,食品,坚果,8,79.44,paid
1528,2025-08-10,C037,East,家居,抱枕,4,316.33,paid
1529,2025-06-27,C041,East,数码,机械键盘,7,574.89,paid
1530,2025-05-22,C057,South,数码,无线耳机,4,379.93,paid
1531,2025-08-01,C038,east,家居,抱枕,4,470.17,paid
1532,2025-04-25,C016,North,家居,抱枕,3,578.24,paid
1533,2025-04-07,C033,South,数码,机械键盘,5,95.44,paid
1534,2025-01-02,C007,NORTH,服饰,卫衣,1,109.15,paid
1535,2025-07-18,C010,South,食品,巧克力,8,478.15,paid
1536,2025-07-20,C021,south ,服饰,牛仔裤,3,321.95,paid
1537,2025-04-17,C043,East,食品,巧克力,2,222.65,paid
1538,2025-03-26,C002,south ,服饰,卫衣,8,598.05,paid
1539,2025-01-30,C042,south ,服饰,卫衣,4,576.16,paid
1540,2025-04-08,C048,South,数码,机械键盘,5,34.33,paid
1541,2025-05-12,C042,west,食品,咖啡,1,191.93,paid
1542,2025-05-12,C028,NORTH,数码,无线耳机,1,383.62,paid
1543,2025-08-10,C020,south ,美妆,面膜,7,395.01,paid
1544,2025-01-07,C033,east,美妆,精华,1,70.76,refunded
1545,2025-05-23,C052,south ,数码,移动电源,5,256.43,paid
1546,2025-04-21,C080,East,服饰,T恤,2,330.2,paid
1547,2025-01-17,C039,North,食品,坚果,6,558.27,paid
1548,2025-06-05,C061,west,数码,机械键盘,7,249.17,paid
1549,2025-02-10,C038,NORTH,食品,坚果,7,482.13,paid
1550,2025-06-12,C016,east,家居,台灯,1,341.04,paid
1551,2025-01-11,C045,East,数码,移动电源,2,196.72,paid
1552,2025-02-24,C033,NORTH,美妆,精华,3,126.72,paid
1553,2025-02-19,C009,north,数码,无线耳机,8,393.91,refunded
1554,2025-03-06,C031,west,数码,无线耳机,6,227.14,paid
1555,2025-01-26,C079,North,服饰,牛仔裤,4,204.32,paid
1556,2025-06-18,C022,NORTH,服饰,牛仔裤,6,488.47,paid
1557,2025-01-02,C043,south ,服饰,T恤,7,180.47,paid
1558,2025-08-13,C014,west,美妆,口红,6,469.36,paid
1559,2025-02-14,C010,South,食品,坚果,3,536.95,paid
1560,2025-07-06,C005,north,数码,无线耳机,7,466.14,paid
1561,2025-05-22,C076,west,服饰,牛仔裤,3,232.17,paid
1562,2025-07-07,C031,west,服饰,T恤,2,250.14,paid
1563,2025-08-06,C073,NORTH,食品,巧克力,3,278.81,paid
1564,2025-06-18,C030,west,家居,抱枕,6,43.44,paid
1565,2025-01-17,C047,south ,服饰,卫衣,1,407.78,paid
1566,2025-04-10,C067,north,美妆,口红,1,588.74,paid
1567,2025-06-12,C076,South,服饰,牛仔裤,3,238.46,paid
1568,2025-06-17,C052,South,数码,移动电源,7,584.15,paid
1569,2025-04-01,C022,west,服饰,卫衣,1,311.07,paid
1570,2025-02-28,C078,South,数码,移动电源,4,107.14,paid
1571,2025-07-03,C062,south ,数码,移动电源,7,490.48,paid
1572,2025-06-22,C032,south ,美妆,口红,3,395.41,paid
1573,2025-01-12,C074,NORTH,家居,抱枕,3,385.13,refunded
1574,2025-02-07,C073,South,数码,无线耳机,3,319.65,paid
1575,2025-06-13,C061,South,数码,移动电源,2,145.62,paid
1576,2025-08-11,C024,south ,美妆,面膜,7,368.49,paid
1577,2025-06-09,C009,NORTH,食品,咖啡,6,554.96,paid
1578,2025-02-28,C065,NORTH,美妆,口红,2,29.61,paid
1579,2025-06-25,C005,North,美妆,面膜,3,296.0,paid
1580,2025-08-13,C078,North,食品,巧克力,2,299.7,paid
1581,2025-05-19,C068,East,数码,移动电源,7,234.82,refunded
1582,2025-04-20,C074,East,家居,台灯,6,361.65,paid
1583,2025-01-26,C011,South,美妆,面膜,8,464.2,paid
1584,2025-03-14,C001,East,食品,巧克力,5,129.63,paid
1585,2025-05-28,C041,north,食品,坚果,7,399.64,paid
1586,2025-04-15,C069,NORTH,服饰,T恤,7,397.91,paid
1587,2025-04-19,C072,South,食品,咖啡,7,457.88,paid
1588,2025-05-04,C051,west,家居,台灯,5,593.33,paid
1589,2025-07-08,C021,North,家居,抱枕,4,279.03,paid
1590,2025-01-26,C007,East,家居,抱枕,6,484.5,paid
1591,2025-02-11,C077,north,美妆,精华,2,497.49,paid
1592,2025-04-22,C050,South,数码,无线耳机,4,235.08,paid
1593,2025-08-27,C064,South,美妆,精华,1,568.52,paid
1594,2025-04-23,C067,South,数码,无线耳机,4,39.49,paid
1595,2025-06-28,C021,NORTH,家居,抱枕,1,228.65,paid
1596,2025-01-23,C002,east,服饰,卫衣,7,255.16,paid
1597,2025-07-08,C029,South,数码,无线耳机,6,221.54,paid
1598,2025-06-05,C014,East,家居,台灯,1,171.44,paid
1599,2025-05-24,C033,South,数码,移动电源,6,569.27,paid
1040,2025-06-30,C018,north,服饰,牛仔裤,5,560.42,paid
1041,2025-03-09,C044,NORTH,数码,无线耳机,5,183.42,paid
1042,2025-02-22,C012,west,服饰,牛仔裤,5,545.1,paid
1043,2025-06-12,C034,north,美妆,口红,1,213.46,paid
1044,2025-02-11,C020,East,美妆,精华,1,84.89,paid
