order_id,order_date,customer_id,region,category,product,quantity,unit_price,status,amount,order_month
1365,2025-01-01,C051,West,数码,移动电源,6,513.06,paid,3078.36,2025-01
1557,2025-01-02,C043,South,服饰,T恤,7,180.47,paid,1263.29,2025-01
1169,2025-01-02,C016,South,家居,台灯,3,463.21,paid,1389.63,2025-01
1170,2025-01-02,C030,East,美妆,精华,3,94.93,paid,284.79,2025-01
1534,2025-01-02,C007,North,服饰,卫衣,1,109.15,paid,109.15,2025-01
1038,2025-01-03,C017,North,美妆,精华,2,331.83,paid,663.66,2025-01
1253,2025-01-05,C065,East,美妆,口红,3,259.52,paid,778.56,2025-01
1487,2025-01-05,C022,North,家居,收纳盒,4,445.76,paid,1783.04,2025-01
1172,2025-01-05,C054,East,美妆,面膜,7,352.57,paid,2467.99,2025-01
1131,2025-01-06,C037,North,美妆,口红,1,548.16,paid,548.16,2025-01
1342,2025-01-06,C067,North,服饰,牛仔裤,3,559.36,paid,1678.08,2025-01
1002,2025-01-07,C001,East,食品,坚果,4,280.54,paid,1122.16,2025-01
1410,2025-01-08,C018,South,美妆,口红,2,287.99,paid,575.98,2025-01
1503,2025-01-08,C009,West,家居,台灯,2,534.8,paid,1069.6,2025-01
1286,2025-01-09,C005,North,美妆,精华,4,139.53,paid,558.12,2025-01
1281,2025-01-09,C054,North,服饰,卫衣,3,464.18,paid,1392.54,2025-01
1209,2025-01-10,C040,North,服饰,T恤,4,533.76,paid,2135.04,2025-01
1551,2025-01-11,C045,East,数码,移动电源,2,196.72,paid,393.44,2025-01
1445,2025-01-12,C008,West,服饰,卫衣,5,151.22,paid,756.1,2025-01
1301,2025-01-12,C075,North,食品,坚果,1,171.25,paid,171.25,2025-01
1125,2025-01-12,C068,South,服饰,T恤,6,237.41,paid,1424.46,2025-01
1517,2025-01-12,C018,West,食品,坚果,8,401.9,paid,3215.2,2025-01
1063,2025-01-13,C068,North,食品,坚果,8,97.34,paid,778.72,2025-01
1202,2025-01-13,C077,West,家居,台灯,2,84.3,paid,168.6,2025-01
1238,2025-01-13,C042,East,服饰,卫衣,4,578.36,paid,2313.44,2025-01
1456,2025-01-13,C040,East,美妆,口红,1,215.96,paid,215.96,2025-01
1497,2025-01-13,C055,North,数码,无线耳机,5,228.92,paid,1144.6,2025-01
1034,2025-01-15,C031,North,食品,坚果,2,365.12,paid,730.24,2025-01
1447,2025-01-16,C039,East,美妆,精华,8,352.17,paid,2817.36,2025-01
1272,2025-01-16,C040,South,数码,机械键盘,3,255.14,paid,765.42,2025-01
1033,2025-01-16,C021,East,服饰,T恤,8,311.65,paid,2493.2,2025-01
1565,2025-01-17,C047,South,服饰,卫衣,1,407.78,paid,407.78,2025-01
1485,2025-01-17,C044,South,数码,机械键盘,8,442.14,paid,3537.12,2025-01
1547,2025-01-17,C039,North,食品,坚果,6,558.27,paid,3349.62,2025-01
1068,2025-01-17,C054,East,美妆,口红,8,261.15,paid,2089.2,2025-01
1163,2025-01-18,C054,North,家居,抱枕,2,452.74,paid,905.48,2025-01
1101,2025-01-19,C020,South,家居,台灯,7,86.57,paid,605.99,2025-01
1181,2025-01-20,C006,East,数码,移动电源,8,356.59,paid,2852.72,2025-01
1122,2025-01-20,C069,East,美妆,口红,7,396.91,paid,2778.37,2025-01
1198,2025-01-21,C043,North,服饰,T恤,6,559.88,paid,3359.28,2025-01
1175,2025-01-21,C066,East,美妆,口红,4,213.18,paid,852.72,2025-01
1448,2025-01-21,C023,North,美妆,精华,3,89.76,paid,269.28,2025-01
1007,2025-01-21,C021,East,家居,收纳盒,5,282.98,paid,1414.9,2025-01
1443,2025-01-21,C034,South,美妆,面膜,7,293.15,paid,2052.05,2025-01
1354,2025-01-22,C037,South,食品,坚果,5,38.96,paid,194.8,2025-01
1321,2025-01-22,C020,South,食品,咖啡,2,67.58,paid,135.16,2025-01
1313,2025-01-22,C030,East,美妆,口红,2,538.98,paid,1077.96,2025-01
1451,2025-01-23,C002,East,美妆,精华,6,516.84,paid,3101.04,2025-01
1596,2025-01-23,C002,East,服饰,卫衣,7,255.16,paid,1786.12,2025-01
1001,2025-01-23,C078,North,食品,咖啡,1,74.34,paid,74.34,2025-01
1417,2025-01-23,C068,North,服饰,卫衣,7,135.69,paid,949.83,2025-01
1408,2025-01-24,C019,South,家居,抱枕,1,144.71,paid,144.71,2025-01
1409,2025-01-24,C023,East,家居,台灯,1,412.77,paid,412.77,2025-01
1444,2025-01-24,C058,North,食品,咖啡,6,533.59,paid,3201.54,2025-01
1505,2025-01-25,C050,South,美妆,精华,8,220.53,paid,1764.24,2025-01
1026,2025-01-25,C007,East,数码,移动电源,6,265.68,paid,1594.08,2025-01
1158,2025-01-25,C055,North,服饰,T恤,6,408.61,paid,2451.66,2025-01
1590,2025-01-26,C007,East,家居,抱枕,6,484.5,paid,2907.0,2025-01
1144,2025-01-26,C016,East,服饰,牛仔裤,1,250.92,paid,250.92,2025-01
1555,2025-01-26,C079,North,服饰,牛仔裤,4,204.32,paid,817.28,2025-01
1338,2025-01-26,C076,South,服饰,T恤,8,236.99,paid,1895.92,2025-01
1583,2025-01-26,C011,South,美妆,面膜,8,464.2,paid,3713.6,2025-01
1436,2025-01-26,C005,South,美妆,精华,3,281.75,paid,845.25,2025-01
1262,2025-01-26,C061,North,家居,收纳盒,7,398.68,paid,2790.76,2025-01
1004,2025-01-27,C006,North,数码,机械键盘,6,511.55,paid,3069.3,2025-01
1078,2025-01-28,C010,South,食品,坚果,7,250.06,paid,1750.42,2025-01
1237,2025-01-28,C013,West,服饰,T恤,2,175.13,paid,350.26,2025-01
1276,2025-01-29,C057,South,数码,移动电源,3,115.43,paid,346.29,2025-01
1110,2025-01-30,C047,North,美妆,精华,8,259.68,paid,2077.44,2025-01
1277,2025-01-30,C008,West,家居,抱枕,2,541.36,paid,1082.72,2025-01
1539,2025-01-30,C042,South,服饰,卫衣,4,576.16,paid,2304.64,2025-01
1220,2025-01-30,C016,North,数码,移动电源,8,320.29,paid,2562.32,2025-01
1150,2025-01-30,C065,West,数码,机械键盘,6,317.68,paid,1906.08,2025-01
1340,2025-01-30,C062,South,家居,台灯,6,284.09,paid,1704.54,2025-01
1407,2025-01-31,C016,South,食品,咖啡,8,198.82,paid,1590.56,2025-01
1388,2025-01-31,C067,North,数码,移动电源,1,115.02,paid,115.02,2025-01
1488,2025-02-01,C069,North,服饰,牛仔裤,7,528.4,paid,3698.8,2025-02
1138,2025-02-01,C014,South,美妆,口红,7,497.0,paid,3479.0,2025-02
1411,2025-02-01,C011,South,数码,无线耳机,3,134.92,paid,404.76,2025-02
1231,2025-02-02,C022,North,服饰,牛仔裤,3,363.25,paid,1089.75,2025-02
1283,2025-02-04,C029,North,服饰,T恤,7,326.73,paid,2287.11,2025-02
1330,2025-02-04,C041,South,服饰,卫衣,8,202.23,paid,1617.84,2025-02
1574,2025-02-07,C073,South,数码,无线耳机,3,319.65,paid,958.95,2025-02
1506,2025-02-08,C061,North,食品,巧克力,1,393.17,paid,393.17,2025-02
1096,2025-02-08,C054,South,家居,抱枕,2,596.47,paid,1192.94,2025-02
1446,2025-02-08,C071,East,数码,无线耳机,7,583.01,paid,4081.07,2025-02
1235,2025-02-10,C041,West,美妆,口红,8,138.33,paid,1106.64,2025-02
1421,2025-02-10,C008,South,数码,无线耳机,5,329.54,paid,1647.7,2025-02
1549,2025-02-10,C038,North,食品,坚果,7,482.13,paid,3374.91,2025-02
1044,2025-02-11,C020,East,美妆,精华,1,84.89,paid,84.89,2025-02
1591,2025-02-11,C077,North,美妆,精华,2,497.49,paid,994.98,2025-02
1438,2025-02-11,C062,North,数码,移动电源,6,364.54,paid,2187.24,2025-02
1009,2025-02-11,C008,South,美妆,口红,4,417.08,paid,1668.32,2025-02
1449,2025-02-12,C056,North,家居,收纳盒,1,265.56,paid,265.56,2025-02
1030,2025-02-12,C022,East,美妆,口红,4,521.5,paid,2086.0,2025-02
1359,2025-02-12,C069,South,食品,坚果,4,487.16,paid,1948.64,2025-02
1337,2025-02-12,C002,East,食品,坚果,6,580.12,paid,3480.72,2025-02
1355,2025-02-13,C070,West,美妆,精华,2,352.17,paid,704.34,2025-02
1559,2025-02-14,C010,South,食品,坚果,3,536.95,paid,1610.85,2025-02
1343,2025-02-14,C052,East,食品,坚果,7,575.91,paid,4031.37,2025-02
1052,2025-02-15,C041,North,食品,咖啡,2,366.01,paid,732.02,2025-02
1178,2025-02-15,C020,West,美妆,口红,6,521.26,paid,3127.56,2025-02
1431,2025-02-15,C079,East,数码,移动电源,1,125.61,paid,125.61,2025-02
1073,2025-02-16,C049,East,数码,机械键盘,6,142.76,paid,856.56,2025-02
1189,2025-02-16,C010,West,家居,台灯,4,151.39,paid,605.56,2025-02
1270,2025-02-17,C058,East,家居,台灯,4,23.96,paid,95.84,2025-02
1028,2025-02-18,C010,North,食品,咖啡,7,126.42,paid,884.94,2025-02
1091,2025-02-19,C068,West,家居,抱枕,5,440.26,paid,2201.3,2025-02
1222,2025-02-21,C012,North,数码,无线耳机,8,120.14,paid,961.12,2025-02
1369,2025-02-21,C012,South,家居,抱枕,3,527.17,paid,1581.51,2025-02
1426,2025-02-21,C019,North,家居,台灯,6,54.54,paid,327.24,2025-02
1450,2025-02-21,C009,South,家居,抱枕,6,548.27,paid,3289.62,2025-02
1401,2025-02-22,C019,East,食品,坚果,8,577.49,paid,4619.92,2025-02
1527,2025-02-22,C072,East,食品,坚果,8,79.44,paid,635.52,2025-02
1042,2025-02-22,C012,West,服饰,牛仔裤,5,545.1,paid,2725.5,2025-02
1314,2025-02-24,C036,South,食品,咖啡,1,556.01,paid,556.01,2025-02
1552,2025-02-24,C033,North,美妆,精华,3,126.72,paid,380.16,2025-02
1260,2025-02-24,C076,South,家居,抱枕,5,99.62,paid,498.1,2025-02
1372,2025-02-24,C002,North,美妆,面膜,4,321.28,paid,1285.12,2025-02
1366,2025-02-25,C071,West,美妆,面膜,5,207.26,paid,1036.3,2025-02
1420,2025-02-26,C030,North,数码,机械键盘,8,327.07,paid,2616.56,2025-02
1290,2025-02-26,C023,South,美妆,口红,1,342.9,paid,342.9,2025-02
1088,2025-02-26,C071,South,美妆,精华,5,405.1,paid,2025.5,2025-02
1484,2025-02-27,C022,North,服饰,卫衣,2,242.46,paid,484.92,2025-02
1257,2025-02-27,C036,South,服饰,卫衣,8,203.88,paid,1631.04,2025-02
1075,2025-02-27,C003,North,数码,移动电源,1,570.77,paid,570.77,2025-02
1396,2025-02-27,C040,East,食品,坚果,2,528.65,paid,1057.3,2025-02
1060,2025-02-27,C010,North,家居,收纳盒,1,162.01,paid,162.01,2025-02
1124,2025-02-28,C004,North,数码,机械键盘,2,277.33,paid,554.66,2025-02
1570,2025-02-28,C078,South,数码,移动电源,4,107.14,paid,428.56,2025-02
1578,2025-02-28,C065,North,美妆,口红,2,29.61,paid,59.22,2025-02
1090,2025-03-01,C024,South,数码,移动电源,6,89.34,paid,536.04,2025-03
1177,2025-03-02,C010,South,数码,无线耳机,4,120.63,paid,482.52,2025-03
1204,2025-03-03,C068,North,食品,咖啡,2,323.62,paid,647.24,2025-03
1261,2025-03-03,C061,South,家居,收纳盒,4,50.44,paid,201.76,2025-03
1019,2025-03-03,C069,North,数码,无线耳机,2,444.51,paid,889.02,2025-03
1241,2025-03-03,C061,East,家居,抱枕,1,49.31,paid,49.31,2025-03
1378,2025-03-05,C039,South,食品,巧克力,1,511.78,paid,511.78,2025-03
1418,2025-03-05,C045,East,食品,坚果,6,298.22,paid,1789.32,2025-03
1015,2025-03-06,C038,North,食品,坚果,5,465.79,paid,2328.95,2025-03
1554,2025-03-06,C031,West,数码,无线耳机,6,227.14,paid,1362.84,2025-03
1504,2025-03-08,C080,South,服饰,T恤,6,321.08,paid,1926.48,2025-03
1221,2025-03-09,C063,West,服饰,牛仔裤,4,597.89,paid,2391.56,2025-03
1099,2025-03-09,C053,South,数码,无线耳机,3,340.16,paid,1020.48,2025-03
1041,2025-03-09,C044,North,数码,无线耳机,5,183.42,paid,917.1,2025-03
1454,2025-03-09,C019,West,美妆,精华,8,41.73,paid,333.84,2025-03
1361,2025-03-10,C008,North,食品,巧克力,3,578.41,paid,1735.23,2025-03
1083,2025-03-10,C060,North,服饰,T恤,5,531.35,paid,2656.75,2025-03
1213,2025-03-10,C024,East,数码,移动电源,2,269.75,paid,539.5,2025-03
1166,2025-03-11,C028,East,美妆,精华,8,372.1,paid,2976.8,2025-03
1395,2025-03-11,C023,East,数码,移动电源,2,311.18,paid,622.36,2025-03
1521,2025-03-12,C078,South,美妆,口红,8,486.78,paid,3894.24,2025-03
1362,2025-03-12,C032,North,家居,抱枕,4,104.82,paid,419.28,2025-03
1462,2025-03-12,C063,East,服饰,卫衣,2,415.08,paid,830.16,2025-03
1470,2025-03-12,C031,South,服饰,卫衣,5,129.25,paid,646.25,2025-03
1457,2025-03-13,C057,North,美妆,精华,4,97.94,paid,391.76,2025-03
1360,2025-03-13,C074,North,食品,巧克力,6,587.82,paid,3526.92,2025-03
1074,2025-03-13,C045,North,美妆,口红,8,31.24,paid,249.92,2025-03
1584,2025-03-14,C001,East,食品,巧克力,5,129.63,paid,648.15,2025-03
1186,2025-03-14,C045,North,服饰,牛仔裤,6,67.27,paid,403.62,2025-03
1117,2025-03-14,C043,West,服饰,牛仔裤,3,279.0,paid,837.0,2025-03
1258,2025-03-15,C019,East,数码,移动电源,7,494.66,paid,3462.62,2025-03
1242,2025-03-15,C047,North,食品,坚果,7,97.68,paid,683.76,2025-03
1259,2025-03-16,C062,North,数码,机械键盘,6,555.93,paid,3335.58,2025-03
1173,2025-03-16,C059,North,数码,机械键盘,6,119.69,paid,718.14,2025-03
1331,2025-03-16,C051,South,美妆,精华,6,238.11,paid,1428.66,2025-03
1437,2025-03-17,C049,South,数码,机械键盘,2,63.04,paid,126.08,2025-03
1190,2025-03-17,C077,North,数码,移动电源,6,528.31,paid,3169.86,2025-03
1472,2025-03-17,C074,East,服饰,卫衣,7,447.3,paid,3131.1,2025-03
1474,2025-03-18,C034,North,家居,抱枕,5,76.61,paid,383.05,2025-03
1129,2025-03-18,C050,South,美妆,精华,8,510.28,paid,4082.24,2025-03
1141,2025-03-19,C059,North,美妆,面膜,4,534.61,paid,2138.44,2025-03
1491,2025-03-19,C054,North,美妆,精华,5,381.22,paid,1906.1,2025-03
1297,2025-03-19,C032,South,数码,无线耳机,2,453.19,paid,906.38,2025-03
1187,2025-03-21,C043,North,美妆,面膜,5,344.17,paid,1720.85,2025-03
1386,2025-03-21,C015,South,美妆,精华,1,161.8,paid,161.8,2025-03
1480,2025-03-22,C074,West,数码,无线耳机,5,141.44,paid,707.2,2025-03
1349,2025-03-22,C066,South,数码,无线耳机,2,126.17,paid,252.34,2025-03
1433,2025-03-23,C032,North,家居,抱枕,6,279.05,paid,1674.3,2025-03
1289,2025-03-23,C067,East,食品,巧克力,4,195.02,paid,780.08,2025-03
1067,2025-03-23,C028,North,食品,坚果,3,154.13,paid,462.39,2025-03
1153,2025-03-24,C071,North,食品,坚果,3,179.51,paid,538.53,2025-03
1397,2025-03-25,C039,West,数码,移动电源,1,233.97,paid,233.97,2025-03
1499,2025-03-26,C015,South,服饰,卫衣,2,236.12,paid,472.24,2025-03
1538,2025-03-26,C002,South,服饰,卫衣,8,598.05,paid,4784.4,2025-03
1147,2025-03-26,C017,North,家居,抱枕,5,517.88,paid,2589.4,2025-03
1080,2025-03-30,C054,East,食品,咖啡,2,313.46,paid,626.92,2025-03
1400,2025-03-30,C014,North,数码,机械键盘,7,512.42,paid,3586.94,2025-03
1230,2025-03-30,C036,North,食品,咖啡,5,133.86,paid,669.3,2025-03
1341,2025-03-31,C015,West,美妆,面膜,8,204.97,paid,1639.76,2025-03
1569,2025-04-01,C022,West,服饰,卫衣,1,311.07,paid,311.07,2025-04
1348,2025-04-01,C018,North,美妆,精华,5,552.84,paid,2764.2,2025-04
1415,2025-04-01,C079,South,家居,收纳盒,5,278.69,paid,1393.45,2025-04
1211,2025-04-02,C052,East,数码,移动电源,5,92.2,paid,461.0,2025-04
1218,2025-04-03,C048,North,美妆,精华,3,413.86,paid,1241.58,2025-04
1381,2025-04-03,C061,East,服饰,T恤,7,231.94,paid,1623.58,2025-04
1323,2025-04-03,C072,North,服饰,T恤,2,128.69,paid,257.38,2025-04
1328,2025-04-03,C001,West,服饰,T恤,4,285.56,paid,1142.24,2025-04
1512,2025-04-04,C061,West,数码,无线耳机,6,344.89,paid,2069.34,2025-04
1332,2025-04-04,C060,South,数码,移动电源,3,415.39,paid,1246.17,2025-04
1142,2025-04-05,C079,North,食品,咖啡,7,399.85,paid,2798.95,2025-04
1008,2025-04-05,C032,South,服饰,T恤,2,373.3,paid,746.6,2025-04
1392,2025-04-05,C006,North,家居,台灯,2,152.47,paid,304.94,2025-04
1206,2025-04-06,C014,North,服饰,牛仔裤,6,477.34,paid,2864.04,2025-04
1282,2025-04-06,C070,East,美妆,口红,7,66.54,paid,465.78,2025-04
1533,2025-04-07,C033,South,数码,机械键盘,5,95.44,paid,477.2,2025-04
1031,2025-04-08,C072,East,数码,机械键盘,8,185.44,paid,1483.52,2025-04
1123,2025-04-08,C037,West,服饰,牛仔裤,1,378.13,paid,378.13,2025-04
1285,2025-04-08,C015,West,家居,收纳盒,6,109.97,paid,659.82,2025-04
1299,2025-04-08,C064,East,美妆,精华,5,171.71,paid,858.55,2025-04
1540,2025-04-08,C048,South,数码,机械键盘,5,34.33,paid,171.65,2025-04
1120,2025-04-09,C013,North,家居,台灯,3,311.33,paid,933.99,2025-04
1069,2025-04-10,C039,North,食品,巧克力,7,296.65,paid,2076.55,2025-04
1071,2025-04-10,C080,East,服饰,牛仔裤,3,507.49,paid,1522.47,2025-04
1566,2025-04-10,C067,North,美妆,口红,1,588.74,paid,588.74,2025-04
1350,2025-04-10,C069,North,美妆,精华,7,265.36,paid,1857.52,2025-04
1329,2025-04-12,C077,East,服饰,牛仔裤,6,275.33,paid,1651.98,2025-04
1371,2025-04-12,C001,South,服饰,牛仔裤,7,400.18,paid,2801.26,2025-04
1037,2025-04-12,C010,South,家居,抱枕,8,203.38,paid,1627.04,2025-04
1500,2025-04-13,C054,South,美妆,口红,7,420.14,paid,2940.98,2025-04
1056,2025-04-14,C023,North,服饰,牛仔裤,4,263.86,paid,1055.44,2025-04
1035,2025-04-14,C075,South,数码,移动电源,1,379.24,paid,379.24,2025-04
1586,2025-04-15,C069,North,服饰,T恤,7,397.91,paid,2785.37,2025-04
1143,2025-04-15,C047,East,服饰,T恤,4,277.16,paid,1108.64,2025-04
1294,2025-04-16,C011,North,美妆,精华,7,160.86,paid,1126.02,2025-04
1109,2025-04-16,C042,East,美妆,口红,1,283.8,paid,283.8,2025-04
1126,2025-04-16,C049,North,食品,巧克力,3,121.54,paid,364.62,2025-04
1490,2025-04-17,C002,North,美妆,口红,5,295.15,paid,1475.75,2025-04
1537,2025-04-17,C043,East,食品,巧克力,2,222.65,paid,445.3,2025-04
1502,2025-04-17,C079,West,食品,咖啡,3,374.57,paid,1123.71,2025-04
1476,2025-04-18,C007,South,服饰,卫衣,5,288.98,paid,1444.9,2025-04
1587,2025-04-19,C072,South,食品,咖啡,7,457.88,paid,3205.16,2025-04
1098,2025-04-20,C028,North,服饰,牛仔裤,2,569.6,paid,1139.2,2025-04
1582,2025-04-20,C074,East,家居,台灯,6,361.65,paid,2169.9,2025-04
1482,2025-04-20,C002,North,美妆,口红,1,329.59,paid,329.59,2025-04
1546,2025-04-21,C080,East,服饰,T恤,2,330.2,paid,660.4,2025-04
1016,2025-04-22,C065,North,家居,台灯,5,583.7,paid,2918.5,2025-04
1592,2025-04-22,C050,South,数码,无线耳机,4,235.08,paid,940.32,2025-04
1082,2025-04-22,C076,South,家居,抱枕,8,289.63,paid,2317.04,2025-04
1053,2025-04-22,C006,North,食品,巧克力,7,541.71,paid,3791.97,2025-04
1486,2025-04-22,C052,West,家居,台灯,6,455.07,paid,2730.42,2025-04
1358,2025-04-23,C055,South,数码,无线耳机,6,519.41,paid,3116.46,2025-04
1179,2025-04-23,C046,West,数码,机械键盘,5,481.87,paid,2409.35,2025-04
1594,2025-04-23,C067,South,数码,无线耳机,4,39.49,paid,157.96,2025-04
1112,2025-04-23,C002,North,美妆,面膜,4,431.67,paid,1726.68,2025-04
1029,2025-04-24,C031,North,食品,坚果,1,582.02,paid,582.02,2025-04
1219,2025-04-24,C032,North,数码,移动电源,6,250.86,paid,1505.16,2025-04
1532,2025-04-25,C016,North,家居,抱枕,3,578.24,paid,1734.72,2025-04
1287,2025-04-25,C030,North,食品,巧克力,4,449.51,paid,1798.04,2025-04
1183,2025-04-26,C057,North,数码,机械键盘,3,42.7,paid,128.1,2025-04
1100,2025-04-26,C059,South,食品,咖啡,1,154.26,paid,154.26,2025-04
1182,2025-04-26,C008,South,食品,巧克力,6,370.9,paid,2225.4,2025-04
1345,2025-04-26,C009,East,食品,咖啡,1,428.75,paid,428.75,2025-04
1196,2025-04-26,C058,East,食品,坚果,2,568.92,paid,1137.84,2025-04
1164,2025-04-27,C073,East,服饰,T恤,5,438.53,paid,2192.65,2025-04
1115,2025-04-27,C018,East,食品,坚果,4,554.68,paid,2218.72,2025-04
1278,2025-04-27,C040,East,家居,抱枕,8,347.07,paid,2776.56,2025-04
1387,2025-04-27,C023,North,食品,巧克力,5,406.33,paid,2031.65,2025-04
1061,2025-04-27,C001,South,美妆,精华,7,306.74,paid,2147.18,2025-04
1304,2025-04-28,C024,East,家居,抱枕,3,101.18,paid,303.54,2025-04
1403,2025-04-28,C076,North,数码,移动电源,3,389.59,paid,1168.77,2025-04
1077,2025-04-30,C040,North,服饰,卫衣,2,471.12,paid,942.24,2025-04
1300,2025-04-30,C053,West,数码,移动电源,6,550.31,paid,3301.86,2025-04
1228,2025-04-30,C065,North,食品,咖啡,3,465.31,paid,1395.93,2025-04
1240,2025-04-30,C059,West,美妆,口红,1,72.23,paid,72.23,2025-04
1108,2025-05-01,C043,East,服饰,卫衣,6,408.68,paid,2452.08,2025-05
1293,2025-05-02,C072,South,家居,收纳盒,3,487.35,paid,1462.05,2025-05
1263,2025-05-03,C012,East,家居,台灯,5,394.62,paid,1973.1,2025-05
1274,2025-05-03,C069,East,家居,台灯,7,427.13,paid,2989.91,2025-05
1588,2025-05-04,C051,West,家居,台灯,5,593.33,paid,2966.65,2025-05
1066,2025-05-05,C043,West,家居,台灯,2,433.86,paid,867.72,2025-05
1168,2025-05-05,C008,South,食品,巧克力,1,147.9,paid,147.9,2025-05
1085,2025-05-05,C036,South,家居,台灯,6,182.2,paid,1093.2,2025-05
1320,2025-05-06,C049,East,家居,台灯,7,127.73,paid,894.11,2025-05
1327,2025-05-07,C010,North,家居,收纳盒,7,180.06,paid,1260.42,2025-05
1515,2025-05-07,C016,East,家居,抱枕,2,167.49,paid,334.98,2025-05
1114,2025-05-08,C032,South,服饰,牛仔裤,7,504.14,paid,3528.98,2025-05
1303,2025-05-08,C063,East,食品,巧克力,5,462.75,paid,2313.75,2025-05
1518,2025-05-08,C066,North,数码,移动电源,7,506.51,paid,3545.57,2025-05
1104,2025-05-09,C042,West,食品,咖啡,2,366.86,paid,733.72,2025-05
1171,2025-05-09,C056,East,食品,巧克力,2,250.3,paid,500.6,2025-05
1353,2025-05-10,C022,West,美妆,口红,7,431.88,paid,3023.16,2025-05
1180,2025-05-10,C037,West,数码,机械键盘,8,41.81,paid,334.48,2025-05
1210,2025-05-12,C037,West,美妆,精华,5,41.24,paid,206.2,2025-05
1541,2025-05-12,C042,West,食品,咖啡,1,191.93,paid,191.93,2025-05
1542,2025-05-12,C028,North,数码,无线耳机,1,383.62,paid,383.62,2025-05
1389,2025-05-13,C016,East,服饰,T恤,3,454.87,paid,1364.61,2025-05
1227,2025-05-15,C058,North,美妆,口红,3,583.98,paid,1751.94,2025-05
1310,2025-05-15,C059,South,服饰,卫衣,7,65.83,paid,460.81,2025-05
1184,2025-05-15,C053,North,食品,巧克力,6,236.25,paid,1417.5,2025-05
1255,2025-05-15,C046,North,美妆,口红,8,549.03,paid,4392.24,2025-05
1089,2025-05-16,C033,East,服饰,卫衣,6,427.66,paid,2565.96,2025-05
1478,2025-05-16,C053,North,服饰,卫衣,3,99.67,paid,299.01,2025-05
1072,2025-05-17,C060,North,数码,机械键盘,2,392.79,paid,785.58,2025-05
1384,2025-05-18,C027,South,食品,坚果,2,199.75,paid,399.5,2025-05
1148,2025-05-19,C031,North,服饰,T恤,1,96.45,paid,96.45,2025-05
1288,2025-05-19,C074,North,家居,收纳盒,5,155.81,paid,779.05,2025-05
1336,2025-05-20,C046,North,数码,机械键盘,2,465.99,paid,931.98,2025-05
1045,2025-05-20,C006,North,数码,机械键盘,7,93.92,paid,657.44,2025-05
1214,2025-05-20,C058,North,服饰,卫衣,2,210.19,paid,420.38,2025-05
1201,2025-05-21,C016,East,食品,巧克力,2,470.18,paid,940.36,2025-05
1308,2025-05-22,C065,North,美妆,面膜,5,330.73,paid,1653.65,2025-05
1244,2025-05-22,C080,East,服饰,T恤,8,463.35,paid,3706.8,2025-05
1530,2025-05-22,C057,South,数码,无线耳机,4,379.93,paid,1519.72,2025-05
1113,2025-05-22,C020,South,美妆,面膜,2,287.64,paid,575.28,2025-05
1118,2025-05-22,C031,West,食品,咖啡,6,524.37,paid,3146.22,2025-05
1561,2025-05-22,C076,West,服饰,牛仔裤,3,232.17,paid,696.51,2025-05
1545,2025-05-23,C052,South,数码,移动电源,5,256.43,paid,1282.15,2025-05
1086,2025-05-23,C072,South,数码,移动电源,2,159.99,paid,319.98,2025-05
1599,2025-05-24,C033,South,数码,移动电源,6,569.27,paid,3415.62,2025-05
1064,2025-05-24,C021,West,食品,咖啡,7,501.73,paid,3512.11,2025-05
1469,2025-05-24,C044,South,食品,巧克力,5,416.96,paid,2084.8,2025-05
1036,2025-05-25,C034,South,食品,咖啡,4,408.44,paid,1633.76,2025-05
1311,2025-05-25,C005,South,家居,抱枕,5,416.74,paid,2083.7,2025-05
1404,2025-05-26,C051,North,数码,机械键盘,4,189.17,paid,756.68,2025-05
1084,2025-05-26,C024,East,食品,巧克力,6,36.65,paid,219.9,2025-05
1424,2025-05-26,C005,South,食品,坚果,8,334.43,paid,2675.44,2025-05
1479,2025-05-26,C023,East,美妆,面膜,3,471.79,paid,1415.37,2025-05
1119,2025-05-27,C049,East,美妆,面膜,1,204.54,paid,204.54,2025-05
1441,2025-05-27,C038,North,食品,咖啡,1,229.28,paid,229.28,2025-05
1161,2025-05-27,C040,North,家居,台灯,5,36.79,paid,183.95,2025-05
1346,2025-05-28,C034,North,数码,移动电源,6,209.07,paid,1254.42,2025-05
1585,2025-05-28,C041,North,食品,坚果,7,399.64,paid,2797.48,2025-05
1251,2025-05-28,C080,North,家居,抱枕,8,118.9,paid,951.2,2025-05
1367,2025-05-28,C006,West,家居,抱枕,6,538.61,paid,3231.66,2025-05
1412,2025-05-30,C057,North,食品,咖啡,1,598.35,paid,598.35,2025-05
1453,2025-05-30,C053,North,数码,无线耳机,5,523.14,paid,2615.7,2025-05
1316,2025-05-31,C073,East,家居,抱枕,2,193.58,paid,387.16,2025-05
1377,2025-05-31,C011,East,美妆,口红,6,478.82,paid,2872.92,2025-05
1106,2025-05-31,C067,South,数码,移动电源,1,462.6,paid,462.6,2025-05
1149,2025-05-31,C068,North,服饰,T恤,5,50.39,paid,251.95,2025-05
1428,2025-05-31,C056,South,数码,机械键盘,6,99.14,paid,594.84,2025-05
1079,2025-06-01,C006,South,家居,收纳盒,2,481.81,paid,963.62,2025-06
1092,2025-06-02,C002,South,服饰,T恤,5,151.94,paid,759.7,2025-06
1463,2025-06-02,C034,West,美妆,面膜,6,219.66,paid,1317.96,2025-06
1266,2025-06-04,C064,South,数码,机械键盘,8,593.68,paid,4749.44,2025-06
1105,2025-06-04,C074,North,服饰,T恤,4,577.91,paid,2311.64,2025-06
1296,2025-06-04,C043,South,数码,无线耳机,4,298.05,paid,1192.2,2025-06
1215,2025-06-04,C046,West,美妆,面膜,6,279.34,paid,1676.04,2025-06
1548,2025-06-05,C061,West,数码,机械键盘,7,249.17,paid,1744.19,2025-06
1467,2025-06-05,C059,South,服饰,牛仔裤,7,539.38,paid,3775.66,2025-06
1097,2025-06-05,C076,South,食品,巧克力,7,281.3,paid,1969.1,2025-06
1058,2025-06-05,C022,West,服饰,卫衣,8,411.86,paid,3294.88,2025-06
1598,2025-06-05,C014,East,家居,台灯,1,171.44,paid,171.44,2025-06
1493,2025-06-05,C006,South,家居,台灯,6,427.99,paid,2567.94,2025-06
1057,2025-06-07,C075,East,食品,咖啡,1,196.25,paid,196.25,2025-06
1216,2025-06-07,C066,North,美妆,口红,2,409.29,paid,818.58,2025-06
1127,2025-06-08,C033,North,家居,台灯,4,287.47,paid,1149.88,2025-06
1416,2025-06-08,C008,South,食品,坚果,8,258.96,paid,2071.68,2025-06
1455,2025-06-08,C031,East,食品,巧克力,1,249.56,paid,249.56,2025-06
1352,2025-06-08,C072,North,数码,机械键盘,8,99.19,paid,793.52,2025-06
1055,2025-06-09,C042,North,服饰,牛仔裤,5,314.13,paid,1570.65,2025-06
1577,2025-06-09,C009,North,食品,咖啡,6,554.96,paid,3329.76,2025-06
1076,2025-06-09,C028,North,家居,收纳盒,8,408.29,paid,3266.32,2025-06
1111,2025-06-09,C037,West,美妆,精华,1,138.06,paid,138.06,2025-06
1291,2025-06-10,C049,West,美妆,精华,1,583.93,paid,583.93,2025-06
1391,2025-06-10,C022,West,数码,机械键盘,6,52.15,paid,312.9,2025-06
1344,2025-06-11,C026,East,家居,收纳盒,7,36.93,paid,258.51,2025-06
1567,2025-06-12,C076,South,服饰,牛仔裤,3,238.46,paid,715.38,2025-06
1176,2025-06-12,C019,South,数码,移动电源,6,223.64,paid,1341.84,2025-06
1364,2025-06-12,C075,South,数码,机械键盘,6,283.72,paid,1702.32,2025-06
1043,2025-06-12,C034,North,美妆,口红,1,213.46,paid,213.46,2025-06
1550,2025-06-12,C016,East,家居,台灯,1,341.04,paid,341.04,2025-06
1575,2025-06-13,C061,South,数码,移动电源,2,145.62,paid,291.24,2025-06
1000,2025-06-13,C070,South,数码,无线耳机,4,149.46,paid,597.84,2025-06
1094,2025-06-13,C024,North,美妆,面膜,5,292.25,paid,1461.25,2025-06
1375,2025-06-14,C020,North,家居,收纳盒,3,275.26,paid,825.78,2025-06
1264,2025-06-16,C005,North,食品,坚果,3,262.37,paid,787.11,2025-06
1107,2025-06-16,C012,North,美妆,口红,7,388.18,paid,2717.26,2025-06
1501,2025-06-16,C014,North,家居,收纳盒,1,589.31,paid,589.31,2025-06
1568,2025-06-17,C052,South,数码,移动电源,7,584.15,paid,4089.05,2025-06
1370,2025-06-17,C007,North,服饰,卫衣,6,405.42,paid,2432.52,2025-06
1160,2025-06-18,C036,North,美妆,面膜,6,510.32,paid,3061.92,2025-06
1564,2025-06-18,C030,West,家居,抱枕,6,43.44,paid,260.64,2025-06
1059,2025-06-18,C040,East,数码,机械键盘,2,494.69,paid,989.38,2025-06
1556,2025-06-18,C022,North,服饰,牛仔裤,6,488.47,paid,2930.82,2025-06
1128,2025-06-20,C076,South,数码,机械键盘,3,62.84,paid,188.52,2025-06
1347,2025-06-21,C045,East,美妆,精华,7,374.56,paid,2621.92,2025-06
1139,2025-06-22,C009,North,家居,台灯,6,550.85,paid,3305.1,2025-06
1250,2025-06-22,C075,South,数码,机械键盘,1,366.21,paid,366.21,2025-06
1027,2025-06-22,C025,East,数码,无线耳机,6,484.34,paid,2906.04,2025-06
1572,2025-06-22,C032,South,美妆,口红,3,395.41,paid,1186.23,2025-06
1334,2025-06-22,C055,South,美妆,面膜,4,166.56,paid,666.24,2025-06
1192,2025-06-23,C061,South,家居,台灯,8,155.72,paid,1245.76,2025-06
1256,2025-06-23,C039,West,服饰,牛仔裤,4,575.26,paid,2301.04,2025-06
1245,2025-06-24,C044,North,食品,坚果,2,248.46,paid,496.92,2025-06
1523,2025-06-25,C042,North,服饰,牛仔裤,3,312.26,paid,936.78,2025-06
1579,2025-06-25,C005,North,美妆,面膜,3,296.0,paid,888.0,2025-06
1273,2025-06-26,C018,South,数码,移动电源,6,376.48,paid,2258.88,2025-06
1339,2025-06-26,C011,East,食品,坚果,1,300.01,paid,300.01,2025-06
1529,2025-06-27,C041,East,数码,机械键盘,7,574.89,paid,4024.23,2025-06
1351,2025-06-27,C058,North,家居,抱枕,8,187.52,paid,1500.16,2025-06
1373,2025-06-28,C012,East,服饰,T恤,3,297.07,paid,891.21,2025-06
1298,2025-06-28,C037,South,食品,巧克力,7,550.77,paid,3855.39,2025-06
1595,2025-06-28,C021,North,家居,抱枕,1,228.65,paid,228.65,2025-06
1405,2025-06-29,C018,West,服饰,卫衣,5,155.49,paid,777.45,2025-06
1522,2025-06-29,C038,East,食品,咖啡,4,136.52,paid,546.08,2025-06
1040,2025-06-30,C018,North,服饰,牛仔裤,5,560.42,paid,2802.1,2025-06
1439,2025-06-30,C027,North,数码,机械键盘,7,111.12,paid,777.84,2025-06
1333,2025-07-01,C053,South,家居,台灯,2,495.0,paid,990.0,2025-07
1054,2025-07-01,C043,South,美妆,面膜,6,270.15,paid,1620.9,2025-07
1524,2025-07-01,C069,West,数码,机械键盘,7,411.06,paid,2877.42,2025-07
1460,2025-07-01,C026,North,食品,咖啡,1,120.77,paid,120.77,2025-07
1093,2025-07-01,C017,South,食品,坚果,1,585.09,paid,585.09,2025-07
1247,2025-07-02,C042,West,服饰,卫衣,3,371.63,paid,1114.89,2025-07
1402,2025-07-02,C048,North,服饰,T恤,4,540.43,paid,2161.72,2025-07
1154,2025-07-02,C015,South,服饰,卫衣,8,313.22,paid,2505.76,2025-07
1571,2025-07-03,C062,South,数码,移动电源,7,490.48,paid,3433.36,2025-07
1513,2025-07-03,C001,West,服饰,牛仔裤,2,76.51,paid,153.02,2025-07
1302,2025-07-04,C032,North,美妆,口红,4,211.32,paid,845.28,2025-07
1496,2025-07-05,C060,South,数码,机械键盘,8,593.43,paid,4747.44,2025-07
1279,2025-07-05,C006,South,数码,机械键盘,1,452.57,paid,452.57,2025-07
1475,2025-07-05,C040,East,食品,坚果,2,148.91,paid,297.82,2025-07
1005,2025-07-06,C080,North,美妆,精华,7,65.7,paid,459.9,2025-07
1560,2025-07-06,C005,North,数码,无线耳机,7,466.14,paid,3262.98,2025-07
1134,2025-07-07,C017,South,家居,收纳盒,6,453.54,paid,2721.24,2025-07
1435,2025-07-07,C049,East,美妆,面膜,8,531.43,paid,4251.44,2025-07
1374,2025-07-07,C018,East,数码,无线耳机,6,530.97,paid,3185.82,2025-07
1562,2025-07-07,C031,West,服饰,T恤,2,250.14,paid,500.28,2025-07
1268,2025-07-07,C038,South,美妆,精华,3,28.17,paid,84.51,2025-07
1357,2025-07-08,C012,North,家居,台灯,8,172.43,paid,1379.44,2025-07
1589,2025-07-08,C021,North,家居,抱枕,4,279.03,paid,1116.12,2025-07
1597,2025-07-08,C029,South,数码,无线耳机,6,221.54,paid,1329.24,2025-07
1459,2025-07-09,C040,East,美妆,精华,1,318.86,paid,318.86,2025-07
1498,2025-07-09,C022,North,数码,无线耳机,1,514.16,paid,514.16,2025-07
1322,2025-07-09,C057,East,美妆,口红,2,73.08,paid,146.16,2025-07
1398,2025-07-09,C026,West,食品,坚果,6,363.18,paid,2179.08,2025-07
1212,2025-07-10,C067,East,美妆,口红,3,307.8,paid,923.4,2025-07
1065,2025-07-10,C067,South,美妆,口红,4,507.12,paid,2028.48,2025-07
1510,2025-07-10,C012,East,数码,无线耳机,7,40.78,paid,285.46,2025-07
1464,2025-07-11,C028,North,数码,机械键盘,7,48.8,paid,341.6,2025-07
1070,2025-07-12,C004,South,美妆,口红,8,147.26,paid,1178.08,2025-07
1271,2025-07-12,C031,South,服饰,卫衣,1,171.7,paid,171.7,2025-07
1167,2025-07-13,C076,East,食品,坚果,7,84.32,paid,590.24,2025-07
1363,2025-07-14,C010,North,美妆,口红,5,384.13,paid,1920.65,2025-07
1200,2025-07-14,C020,North,美妆,口红,2,31.02,paid,62.04,2025-07
1003,2025-07-14,C044,East,家居,抱枕,6,181.17,paid,1087.02,2025-07
1243,2025-07-15,C047,North,美妆,口红,7,49.67,paid,347.69,2025-07
1306,2025-07-15,C028,North,数码,机械键盘,4,59.42,paid,237.68,2025-07
1422,2025-07-15,C023,East,家居,抱枕,6,562.42,paid,3374.52,2025-07
1481,2025-07-15,C052,North,家居,台灯,3,376.4,paid,1129.2,2025-07
1319,2025-07-16,C058,East,食品,巧克力,6,37.18,paid,223.08,2025-07
1207,2025-07-17,C023,East,食品,巧克力,3,45.71,paid,137.13,2025-07
1051,2025-07-17,C034,East,服饰,卫衣,6,564.76,paid,3388.56,2025-07
1390,2025-07-17,C074,East,数码,机械键盘,5,323.84,paid,1619.2,2025-07
1458,2025-07-18,C053,East,服饰,卫衣,2,129.0,paid,258.0,2025-07
1427,2025-07-18,C051,East,数码,移动电源,2,236.68,paid,473.36,2025-07
1132,2025-07-18,C018,East,家居,抱枕,4,389.24,paid,1556.96,2025-07
1535,2025-07-18,C010,South,食品,巧克力,8,478.15,paid,3825.2,2025-07
1254,2025-07-18,C062,North,食品,咖啡,3,320.84,paid,962.52,2025-07
1252,2025-07-18,C025,South,美妆,面膜,1,352.09,paid,352.09,2025-07
1018,2025-07-19,C040,East,食品,坚果,8,31.3,paid,250.4,2025-07
1406,2025-07-19,C053,North,食品,坚果,2,115.34,paid,230.68,2025-07
1519,2025-07-19,C078,North,家居,抱枕,3,80.06,paid,240.18,2025-07
1325,2025-07-20,C072,North,服饰,卫衣,5,260.01,paid,1300.05,2025-07
1048,2025-07-20,C049,South,美妆,精华,5,112.33,paid,561.65,2025-07
1536,2025-07-20,C021,South,服饰,牛仔裤,3,321.95,paid,965.85,2025-07
1452,2025-07-21,C076,East,食品,巧克力,2,260.38,paid,520.76,2025-07
1292,2025-07-21,C069,East,食品,咖啡,7,106.55,paid,745.85,2025-07
1146,2025-07-21,C030,North,食品,坚果,4,360.1,paid,1440.4,2025-07
1135,2025-07-21,C062,South,食品,咖啡,3,169.04,paid,507.12,2025-07
1430,2025-07-21,C017,North,服饰,T恤,7,197.96,paid,1385.72,2025-07
1335,2025-07-22,C054,West,美妆,面膜,8,357.7,paid,2861.6,2025-07
1429,2025-07-22,C079,East,美妆,精华,3,430.17,paid,1290.51,2025-07
1383,2025-07-22,C069,South,美妆,精华,7,265.67,paid,1859.69,2025-07
1225,2025-07-22,C060,West,家居,收纳盒,1,229.32,paid,229.32,2025-07
1199,2025-07-22,C018,North,家居,收纳盒,5,552.09,paid,2760.45,2025-07
1511,2025-07-22,C044,South,食品,巧克力,4,399.67,paid,1598.68,2025-07
1226,2025-07-25,C062,North,食品,坚果,2,199.39,paid,398.78,2025-07
1275,2025-07-25,C073,North,家居,收纳盒,8,326.34,paid,2610.72,2025-07
1509,2025-07-25,C064,North,食品,咖啡,8,279.3,paid,2234.4,2025-07
1385,2025-07-26,C009,East,家居,抱枕,7,360.13,paid,2520.91,2025-07
1223,2025-07-27,C039,East,服饰,牛仔裤,2,339.0,paid,678.0,2025-07
1413,2025-07-27,C022,East,家居,收纳盒,2,44.76,paid,89.52,2025-07
1309,2025-07-28,C080,North,美妆,面膜,2,324.14,paid,648.28,2025-07
1473,2025-07-28,C065,South,家居,台灯,8,545.79,paid,4366.32,2025-07
1442,2025-07-30,C038,South,食品,咖啡,2,34.93,paid,69.86,2025-07
1356,2025-07-30,C014,North,服饰,牛仔裤,8,336.88,paid,2695.04,2025-07
1081,2025-07-30,C020,East,美妆,面膜,6,388.64,paid,2331.84,2025-07
1156,2025-07-31,C033,East,美妆,口红,2,201.28,paid,402.56,2025-07
1174,2025-08-01,C068,East,服饰,T恤,2,161.12,paid,322.24,2025-08
1531,2025-08-01,C038,East,家居,抱枕,4,470.17,paid,1880.68,2025-08
1492,2025-08-01,C026,North,数码,移动电源,5,86.13,paid,430.65,2025-08
1317,2025-08-02,C011,East,美妆,精华,7,458.25,paid,3207.75,2025-08
1284,2025-08-02,C069,South,数码,无线耳机,8,410.63,paid,3285.04,2025-08
1461,2025-08-03,C026,North,数码,无线耳机,8,49.32,paid,394.56,2025-08
1152,2025-08-05,C011,North,美妆,口红,8,433.19,paid,3465.52,2025-08
1563,2025-08-06,C073,North,食品,巧克力,3,278.81,paid,836.43,2025-08
1145,2025-08-06,C017,South,美妆,面膜,1,49.34,paid,49.34,2025-08
1224,2025-08-06,C026,North,家居,抱枕,6,315.08,paid,1890.48,2025-08
1507,2025-08-07,C036,North,美妆,面膜,8,205.97,paid,1647.76,2025-08
1130,2025-08-07,C038,South,美妆,面膜,7,351.72,paid,2462.04,2025-08
1155,2025-08-07,C044,South,食品,巧克力,7,281.9,paid,1973.3,2025-08
1465,2025-08-08,C003,South,家居,抱枕,4,176.07,paid,704.28,2025-08
1393,2025-08-08,C023,North,数码,无线耳机,8,231.11,paid,1848.88,2025-08
1236,2025-08-09,C072,East,服饰,牛仔裤,7,95.84,paid,670.88,2025-08
1528,2025-08-10,C037,East,家居,抱枕,4,316.33,paid,1265.32,2025-08
1477,2025-08-10,C049,North,食品,巧克力,8,535.87,paid,4286.96,2025-08
1116,2025-08-10,C001,East,数码,机械键盘,6,561.86,paid,3371.16,2025-08
1543,2025-08-10,C020,South,美妆,面膜,7,395.01,paid,2765.07,2025-08
1576,2025-08-11,C024,South,美妆,面膜,7,368.49,paid,2579.43,2025-08
1159,2025-08-11,C020,South,数码,机械键盘,6,80.09,paid,480.54,2025-08
1121,2025-08-12,C020,West,美妆,面膜,1,439.02,paid,439.02,2025-08
1195,2025-08-12,C035,North,服饰,牛仔裤,2,185.34,paid,370.68,2025-08
1049,2025-08-12,C040,South,数码,机械键盘,4,493.62,paid,1974.48,2025-08
1580,2025-08-13,C078,North,食品,巧克力,2,299.7,paid,599.4,2025-08
1558,2025-08-13,C014,West,美妆,口红,6,469.36,paid,2816.16,2025-08
1520,2025-08-14,C032,East,服饰,牛仔裤,7,588.11,paid,4116.77,2025-08
1197,2025-08-15,C050,East,服饰,T恤,1,249.94,paid,249.94,2025-08
1006,2025-08-15,C038,South,服饰,牛仔裤,2,46.58,paid,93.16,2025-08
1267,2025-08-16,C021,West,家居,抱枕,5,131.83,paid,659.15,2025-08
1062,2025-08-17,C060,South,数码,机械键盘,3,486.38,paid,1459.14,2025-08
1483,2025-08-17,C032,South,服饰,牛仔裤,1,412.51,paid,412.51,2025-08
1471,2025-08-19,C064,East,数码,移动电源,6,414.84,paid,2489.04,2025-08
1046,2025-08-19,C053,South,服饰,T恤,2,225.13,paid,450.26,2025-08
1315,2025-08-19,C027,North,食品,巧克力,3,558.68,paid,1676.04,2025-08
1193,2025-08-20,C065,West,家居,台灯,8,466.27,paid,3730.16,2025-08
1326,2025-08-20,C035,North,家居,抱枕,7,118.31,paid,828.17,2025-08
1495,2025-08-21,C010,West,数码,移动电源,3,570.68,paid,1712.04,2025-08
1102,2025-08-21,C073,North,服饰,T恤,1,116.24,paid,116.24,2025-08
1229,2025-08-22,C029,North,数码,无线耳机,5,115.5,paid,577.5,2025-08
1017,2025-08-22,C070,South,数码,移动电源,4,108.65,paid,434.6,2025-08
1162,2025-08-24,C052,North,服饰,卫衣,3,524.52,paid,1573.56,2025-08
1376,2025-08-24,C016,West,美妆,精华,4,70.28,paid,281.12,2025-08
1103,2025-08-24,C035,North,服饰,卫衣,8,419.43,paid,3355.44,2025-08
1295,2025-08-25,C078,North,美妆,口红,4,49.89,paid,199.56,2025-08
1414,2025-08-25,C023,East,食品,咖啡,8,37.1,paid,296.8,2025-08
1039,2025-08-27,C070,South,服饰,T恤,6,185.29,paid,1111.74,2025-08
1516,2025-08-27,C054,West,美妆,面膜,4,435.74,paid,1742.96,2025-08
1593,2025-08-27,C064,South,美妆,精华,1,568.52,paid,568.52,2025-08
1394,2025-08-27,C041,East,数码,移动电源,4,206.65,paid,826.6,2025-08
1248,2025-08-27,C039,North,食品,咖啡,7,594.56,paid,4161.92,2025-08
1239,2025-08-28,C066,East,食品,巧克力,4,462.61,paid,1850.44,2025-08
